Company,Website,Contact_URL,Email,Phone,Address,Wikipedia
2d3,,,,,,https://en.wikipedia.org/wiki/2d3
"280 North, Inc.",,,,,,"https://en.wikipedia.org/wiki/280_North,_Inc."
Accordent Technologies,https://web.archive.org/web/20070927161531/http://www.accordent.com/,https://web.archive.org/web/20070927161531/http://www.accordent.com/contact,,,,https://en.wikipedia.org/wiki/Accordent_Technologies
AddToAny,,,,,,https://en.wikipedia.org/wiki/AddToAny
Alteryx,http://alteryx.com,https://www.alteryx.com/contact-us,,+1 888 836 4274,"Irvine, CA 92612",https://en.wikipedia.org/wiki/Alteryx
Altos 586,,,,,,https://en.wikipedia.org/wiki/Altos_586
Amicima,,,,,,https://en.wikipedia.org/wiki/Amicima
Answer Underground,http://www.answerunderground.com,,,,,https://en.wikipedia.org/wiki/Answer_Underground
AppFolio,http://appfolio.com,http://appfolio.com/resources/contact,,866.648.1536,"Goleta, CA 93117",https://en.wikipedia.org/wiki/AppFolio
Appy Entertainment,,,,,,https://en.wikipedia.org/wiki/Appy_Entertainment
Arcada Software,,,,,,https://en.wikipedia.org/wiki/Arcada_Software
ArcSight,http://www.microfocus.com/arcsight,http://www.microfocus.com/products/contact-center-solutions,,800-499-6544,,https://en.wikipedia.org/wiki/ArcSight
Arkeia Software,http://arkeia.com,,,,,https://en.wikipedia.org/wiki/Arkeia_Software
Artisan AI,http://artisan.co,http://artisan.co/contact-us,hello@artisan.co,,,https://en.wikipedia.org/wiki/Artisan_AI
Automation Anywhere,https://www.automationanywhere.com/,https://www.automationanywhere.com/contact-us,,888-484-3535,,https://en.wikipedia.org/wiki/Automation_Anywhere
Balsamiq,http://www.balsamiq.com/,http://www.balsamiq.com/company,,,,https://en.wikipedia.org/wiki/Balsamiq
BatchMaster Software,http://www.batchmaster.com/,http://www.batchmaster.com/contact-us/,sales@eworkplace.com,949.583.1646,"Irvine, CA 92618",https://en.wikipedia.org/wiki/BatchMaster_Software
BIAS,http://www.bias-inc.com,http://www.bias-inc.com/contact,,,,https://en.wikipedia.org/wiki/BIAS
BindView,,,,,,https://en.wikipedia.org/wiki/BindView
BIOVIA,https://www.3ds.com/biovia,https://www.3ds.com/products/biovia/contact,,,,https://en.wikipedia.org/wiki/BIOVIA
BlackLine Systems,https://www.blackline.com/,https://www.blackline.com/contact/,,+1 877 777 7750,"Woodland Hills, CA 91367",https://en.wikipedia.org/wiki/BlackLine_Systems
BLAST (protocol),,,,,,https://en.wikipedia.org/wiki/BLAST_(protocol)
"Bluebeam Software, Inc.",http://bluebeam.com,https://www.bluebeam.com/contact/#faqs,,866-496-2140,,"https://en.wikipedia.org/wiki/Bluebeam_Software,_Inc."
Bomb Factory Studio,,,,,,https://en.wikipedia.org/wiki/Bomb_Factory_Studio
TheBrain Technologies,http://thebrain.com,http://thebrain.com/about,info@thebrain.com,888-652-7529,"Los Angeles, CA 90066",https://en.wikipedia.org/wiki/TheBrain_Technologies
Breakthrough Software,,,,,,https://en.wikipedia.org/wiki/Breakthrough_Software
Brightfin,http://brightfin.com/,http://brightfin.com/,,,,https://en.wikipedia.org/wiki/Brightfin
Brightmail,https://web.archive.org/web/20120118011058/http://www.symantec.com/de/de/messaging-gateway,https://web.archive.org/web/20120118011058/http://www.symantec.com/de/de/feedback/contactus.jsp,,,,https://en.wikipedia.org/wiki/Brightmail
"Britton Lee, Inc.",,,,,,"https://en.wikipedia.org/wiki/Britton_Lee,_Inc."
Bunchball,,,,,,https://en.wikipedia.org/wiki/Bunchball
ByWater Solutions,http://bywatersolutions.com/,,,,,https://en.wikipedia.org/wiki/ByWater_Solutions
C Level Design,http://www.synopsys.com,http://www.synopsys.com/contact-sales.html,,,,https://en.wikipedia.org/wiki/C_Level_Design
California Pacific Computer Company,,,,,,https://en.wikipedia.org/wiki/California_Pacific_Computer_Company
Canto Software,http://www.canto.com/,http://www.canto.com/contact/,,,,https://en.wikipedia.org/wiki/Canto_Software
Cape Clear Software,,,,,,https://en.wikipedia.org/wiki/Cape_Clear_Software
CapLinked,https://www.caplinked.com/,https://www.caplinked.com/company,sales@caplinked.com,(888) 799-6849,"El Segundo, CA 90245",https://en.wikipedia.org/wiki/CapLinked
CARad.com,,,,,,https://en.wikipedia.org/wiki/CARad.com
Carta (software company),https://carta.com,,,,,https://en.wikipedia.org/wiki/Carta_(software_company)
Causata,http://www.causata.com,http://www.causata.com/contact,,,,https://en.wikipedia.org/wiki/Causata
Centric Software,https://www.centricsoftware.com/,https://www.centricsoftware.com/contact/,,+1 408 574 7802,,https://en.wikipedia.org/wiki/Centric_Software
Citrix Online,http://www.citrixonline.com,,,,,https://en.wikipedia.org/wiki/Citrix_Online
Claria Corporation,,,,,,https://en.wikipedia.org/wiki/Claria_Corporation
Clarizen,http://clarizen.com,https://www.planview.com/contact-us/,,800-856-8600,,https://en.wikipedia.org/wiki/Clarizen
ClearSlide,,,,,,https://en.wikipedia.org/wiki/ClearSlide
Clickability,http://www.clickability.com,,,,,https://en.wikipedia.org/wiki/Clickability
Clixtr,,,,,,https://en.wikipedia.org/wiki/Clixtr
Cloudian,http://cloudian.com,http://cloudian.com/company/contact_us/,,+1 650 227 2380,"San Mateo, CA 94402",https://en.wikipedia.org/wiki/Cloudian
Cloudinary,http://cloudinary.com,http://cloudinary.com/contact,,,,https://en.wikipedia.org/wiki/Cloudinary
Clover Network,http://www.clover.com,http://www.clover.com/contact,,,,https://en.wikipedia.org/wiki/Clover_Network
Condusiv Technologies,http://www.condusiv.com,https://condusiv.com/contact/,,(800) 829-6468,"Simi Valley, CA 93065",https://en.wikipedia.org/wiki/Condusiv_Technologies
Connectbeam,http://connectbeam.com/,http://connectbeam.com/contact,,,,https://en.wikipedia.org/wiki/Connectbeam
Cooliris,http://www.cooliris.com,,,,,https://en.wikipedia.org/wiki/Cooliris
Cornerstone OnDemand,https://cornerstoneondemand.com,https://cornerstoneondemand.com/contact-us/,,+1 (888) 365-2763,"Santa Monica, CA 90404",https://en.wikipedia.org/wiki/Cornerstone_OnDemand
Corona Labs Inc.,https://coronalabs.com/,https://coronalabs.com/contact/,info@coronalabs.com,+1 (415)Â 996 6877,,https://en.wikipedia.org/wiki/Corona_Labs_Inc.
Cosmi Corporation,,,,,,https://en.wikipedia.org/wiki/Cosmi_Corporation
Coverity,http://synopsys.com/software-integrity.html,http://synopsys.com/contact-sales.html,,,,https://en.wikipedia.org/wiki/Coverity
Cribl.io,https://cribl.io/,https://cribl.io/contact/,sales@cribl.io,415-992-6301,": 22 4th Street, Suite 1300, San Francisco, CA 94103",https://en.wikipedia.org/wiki/Cribl.io
Daily Journal Corporation,http://dailyjournal.com/subscribe,http://dailyjournal.com/subscribe/contact,Jeremy_Ellis@dailyjournal.com,213-229-5424,,https://en.wikipedia.org/wiki/Daily_Journal_Corporation
Daintree Networks,http://www.daintree.net/,http://www.daintree.net/contact-us,,,"Mayfield Heights, OH 44124",https://en.wikipedia.org/wiki/Daintree_Networks
Data Domain Corporation,https://www.delltechnologies.com/en-us/data-protection/data-domain-series/data-domain-dd6300-data-backup-appliance.htm#,,,,,https://en.wikipedia.org/wiki/Data_Domain_Corporation
